{"version":"1.4.10.4.in-stock","title":"header-default","type":"page","data":[{"id":"ulbsgbc","elType":"section","settings":{"structure":"21","stretch_section":"section-stretched","content_width":{"0":"","unit":"px","size":"1740"},"background_background":"classic","background_color":"#253237","hide_tablet":"hidden-tablet","hide_mobile":"hidden-phone","background_image":{"url":"","id":"","0":"","1":""},"background_video_fallback":{"url":"","id":"","0":"","1":""},"background_overlay_image":{"url":"","id":"","0":"","1":""},"background_overlay_video_fallback":{"url":"","id":"","0":"","1":""}},"elements":[{"id":"ipattid","elType":"column","settings":{"_inline_size":null,"_column_size":33,"background_image":{"url":"","id":"","0":"","1":""},"background_video_fallback":{"url":"","id":"","0":"","1":""},"background_overlay_image":{"url":"","id":"","0":"","1":""},"background_overlay_video_fallback":{"url":"","id":"","0":"","1":""}},"elements":[{"id":"bxonmid","elType":"widget","settings":{"editor":"<p>Welcome you to Ecolife store!<\/p>","text_color":"#ffffff","typography_typography":"custom","typography_font_size":{"0":"","unit":"px","size":"13"},"typography_line_height":{"unit":"px","size":"21"},"_background_image":{"url":"","id":"","0":"","1":""},"_background_video_fallback":{"url":"","id":"","0":"","1":""}},"elements":[],"widgetType":"text-editor"}],"isInner":false},{"id":"xhztqns","elType":"column","settings":{"_inline_size":null,"_column_size":66,"align_position":"flex-end","background_image":{"url":"","id":"","0":"","1":""},"background_video_fallback":{"url":"","id":"","0":"","1":""},"background_overlay_image":{"url":"","id":"","0":"","1":""},"background_overlay_video_fallback":{"url":"","id":"","0":"","1":""}},"elements":[{"id":"rdjruyc","elType":"widget","settings":{"button_layout":"icon_text","account_links":[{"link_to":"my-account","link":{"is_external":"","url":""},"text":"","_id":"gz65c1m"},{"link_to":"history","link":{"is_external":"","url":""},"text":"","_id":"6f0iihh"},{"link_to":"logout","link":{"is_external":"","url":""},"text":"","_id":"8tqgq5t"}],"text_typo_typography":"custom","text_typo_font_size":{"0":"","unit":"px","size":"13"},"text_typo_line_height":{"unit":"px","size":"14"},"button_text_color":"#ffffff","hover_color":"#4fb68d","padding":{"0":"","unit":"px","top":"0","right":"29","bottom":"0","left":"0","isLinked":false},"dropdown_position":"right","_background_image":{"url":"","id":"","0":"","1":""},"_background_video_fallback":{"url":"","id":"","0":"","1":""}},"elements":[],"widgetType":"posAccount"},{"id":"roftilt","elType":"widget","settings":{"button_layout":"icon_text","icon_size":{"unit":"px","size":"14"},"text_typo_typography":"custom","text_typo_font_size":{"0":"","unit":"px","size":"13"},"text_typo_line_height":{"unit":"px","size":"14"},"button_text_color":"#ffffff","hover_color":"#4fb68d","border_border":"solid","border_width":{"0":"","unit":"px","top":"0","right":"0","bottom":"0","left":"1","isLinked":false},"padding":{"0":"","unit":"px","top":"0","right":"20","bottom":"0","left":"20","isLinked":false},"_background_image":{"url":"","id":"","0":"","1":""},"_background_video_fallback":{"url":"","id":"","0":"","1":""}},"elements":[],"widgetType":"posCompare"},{"id":"vvxcyfo","elType":"widget","settings":{"button_text_color":"#ffffff","text_typo_typography":"custom","text_typo_font_size":{"0":"","unit":"px","size":"13"},"text_typo_line_height":{"unit":"px","size":"14"},"hover_color":"#4fb68d","border_border":"solid","border_width":{"0":"","unit":"px","top":"0","right":"0","bottom":"0","left":"1","isLinked":false},"padding":{"0":"","unit":"px","top":"0","right":"20","bottom":"0","left":"20","isLinked":false},"button_box_shadow_box_shadow":{"0":"","horizontal":0,"vertical":0,"blur":10,"spread":0,"inset":"","color":""},"button_layout":"icon_text","_background_image":{"url":"","id":"","0":"","1":""},"_background_video_fallback":{"url":"","id":"","0":"","1":""}},"elements":[],"widgetType":"posWishlist"},{"id":"wtdrelv","elType":"widget","settings":{"text_typo_typography":"custom","text_typo_font_size":{"0":"","unit":"px","size":"13"},"text_typo_line_height":{"unit":"px","size":"14"},"button_text_color":"#ffffff","border_border":"solid","border_width":{"0":"","unit":"px","top":"0","right":"0","bottom":"0","left":"1","isLinked":false},"padding":{"0":"","unit":"px","top":"0","right":"20","bottom":"0","left":"20","isLinked":false},"background_border_color":"#ffffff","hover_color":"#4fb68d","_background_image":{"url":"","id":"","0":"","1":""},"_background_video_fallback":{"url":"","id":"","0":"","1":""}},"elements":[],"widgetType":"pos_currency"},{"id":"fbkkjoq","elType":"widget","settings":{"text_typo_typography":"custom","text_typo_font_size":{"0":"","unit":"px","size":"13"},"button_text_color":"#ffffff","dropdown_position":"right","text_typo_line_height":{"unit":"px","size":"14"},"border_border":"solid","border_width":{"0":"","unit":"px","top":"0","right":"0","bottom":"0","left":"1","isLinked":false},"padding":{"0":"","unit":"px","top":"0","right":"0","bottom":"0","left":"20","isLinked":false},"alignment_layout":"right","background_border_color":"#ffffff","hover_color":"#4fb68d","_background_image":{"url":"","id":"","0":"","1":""},"_background_video_fallback":{"url":"","id":"","0":"","1":""}},"elements":[],"widgetType":"pos_language"}],"isInner":false}],"isInner":false},{"id":"myqovub","elType":"section","settings":{"stretch_section":"section-stretched","content_width":{"0":"","unit":"px","size":"1740"},"structure":"30","padding":{"0":"","unit":"px","top":"20","right":"0","bottom":"20","left":"0","isLinked":false},"css_classes":"sticky-inner","hide_tablet":"hidden-tablet","hide_mobile":"hidden-phone","background_image":{"url":"","id":"","0":"","1":""},"background_video_fallback":{"url":"","id":"","0":"","1":""},"background_overlay_image":{"url":"","id":"","0":"","1":""},"background_overlay_video_fallback":{"url":"","id":"","0":"","1":""}},"elements":[{"id":"itnrjfu","elType":"column","settings":{"_inline_size":"11.358","_column_size":33,"content_position":"center","background_image":{"url":"","id":"","0":"","1":""},"background_video_fallback":{"url":"","id":"","0":"","1":""},"background_overlay_image":{"url":"","id":"","0":"","1":""},"background_overlay_video_fallback":{"url":"","id":"","0":"","1":""}},"elements":[{"id":"aslmpqh","elType":"widget","settings":{"text_align":"left","_background_image":{"url":"","id":"","0":"","1":""},"_background_video_fallback":{"url":"","id":"","0":"","1":""}},"elements":[],"widgetType":"posLogo"}],"isInner":false},{"id":"omxpryt","elType":"column","settings":{"_inline_size":"42.037","_column_size":33,"content_position":"center","background_image":{"url":"","id":"","0":"","1":""},"background_video_fallback":{"url":"","id":"","0":"","1":""},"background_overlay_image":{"url":"","id":"","0":"","1":""},"background_overlay_video_fallback":{"url":"","id":"","0":"","1":""}},"elements":[{"id":"cnqjczk","elType":"widget","settings":{"hover_color":"#4fb68d","hover_border_color":"#4fb68d","border_border":"solid","border_width":{"0":"","unit":"px","top":"0","right":"0","bottom":"2","left":"0","isLinked":false},"border_color":"rgba(0,0,0,0)","typography_typography":"custom","typography_font_weight":"700","text_color":"#253237","_background_image":{"url":"","id":"","0":"","1":""},"_background_video_fallback":{"url":"","id":"","0":"","1":""}},"elements":[],"widgetType":"pos_menu"}],"isInner":false},{"id":"tfxhagj","elType":"column","settings":{"_inline_size":"46.605","_column_size":33,"align_position":"flex-end","background_image":{"url":"","id":"","0":"","1":""},"background_video_fallback":{"url":"","id":"","0":"","1":""},"background_overlay_image":{"url":"","id":"","0":"","1":""},"background_overlay_video_fallback":{"url":"","id":"","0":"","1":""}},"elements":[{"id":"fchqjro","elType":"widget","settings":{"button_text":"Search","width_size":{"unit":"px","size":"290"},"height_size":{"unit":"px","size":"46"},"placeholder":"Search...","show_categories":"","input_text_color":"#253237","input_border_color":"#4fb68d","border_input_border":"solid","input_border_width":{"0":"","unit":"px","top":"2","right":"0","bottom":"2","left":"2","isLinked":false},"border_radius":{"0":"","unit":"px","top":"30","right":"0","bottom":"0","left":"30","isLinked":false},"button_background_color":"#4fb68d","button_background_color_hover":"#253237","button_border_radius":{"0":"","unit":"px","top":"0","right":"30","bottom":"30","left":"0","isLinked":false},"icon_size":{"unit":"px","size":"21"},"button_width":{"unit":"px","size":"65"},"_margin":{"0":"","unit":"px","top":"0","right":"0","bottom":"0","left":"0","isLinked":false},"border_input_width":{"0":"","unit":"px","top":"2","right":"0","bottom":"2","left":"2","isLinked":false},"_background_image":{"url":"","id":"","0":"","1":""},"_background_video_fallback":{"url":"","id":"","0":"","1":""}},"elements":[],"widgetType":"posSearch"},{"id":"kwypipk","elType":"widget","settings":{"image":{"url":"http:\/\/demo.posthemes.com\/ecolife_data\/images\/icon_contact.png","id":0},"title_text":"Call us:","phone":"+800345678","position":"left","text_align":"justify","title_color":"#555555","title_typography_typography":"custom","title_typography_font_weight":"400","title_typography_line_height":{"unit":"px","size":"14"},"number_color":"#253237","description_typography_typography":"custom","description_typography_font_weight":"700","title_bottom_space":{"0":"","unit":"px","size":"0"},"description_typography_line_height":{"unit":"px","size":"14"},"_margin":{"0":"","unit":"px","top":"0","right":"0","bottom":"0","left":"30","isLinked":false},"_background_image":{"url":"","id":"","0":"","1":""},"_background_video_fallback":{"url":"","id":"","0":"","1":""}},"elements":[],"widgetType":"pos_contact"},{"id":"tcxlzaz","elType":"widget","settings":{"button_text_color":"#253237","cart_icon":"icon-rt-bag2","button_layout":"icon_text","text_typo_typography":"custom","text_typo_font_size":{"0":"","unit":"px","size":"16"},"text_typo_font_weight":"700","count_top":{"0":"","unit":"px","size":12},"count_right":{"0":"","unit":"px","size":16},"count_font_size":{"0":"","unit":"px","size":"12"},"count_text_color":"#ffffff","count_background_color":"#4fb68d","hover_color":"#4fb68d","_margin":{"0":"","unit":"px","top":"0","right":"0","bottom":"0","left":"30","isLinked":false},"_background_image":{"url":"","id":"","0":"","1":""},"_background_video_fallback":{"url":"","id":"","0":"","1":""}},"elements":[],"widgetType":"posCart"}],"isInner":false}],"isInner":false},{"id":"txrshqm","elType":"section","settings":{"structure":"30","hide_desktop":"hidden-desktop","padding":{"0":"","unit":"px","top":"10","right":"10","bottom":"10","left":"10","isLinked":true},"background_image":{"url":"","id":"","0":"","1":""},"background_video_fallback":{"url":"","id":"","0":"","1":""},"background_overlay_image":{"url":"","id":"","0":"","1":""},"background_overlay_video_fallback":{"url":"","id":"","0":"","1":""}},"elements":[{"id":"dqbyjbr","elType":"column","settings":{"_inline_size":null,"_column_size":33,"screen_sm":"custom","screen_sm_width":"33","background_image":{"url":"","id":"","0":"","1":""},"background_video_fallback":{"url":"","id":"","0":"","1":""},"background_overlay_image":{"url":"","id":"","0":"","1":""},"background_overlay_video_fallback":{"url":"","id":"","0":"","1":""}},"elements":[{"id":"mcjuttq","elType":"widget","settings":{"layout":"mobilemenu","icon_color":"#253237","icon_hover_color":"#4fb68d","_margin":{"0":"","unit":"px","top":"0","right":"20","bottom":"0","left":"0","isLinked":false},"typography_typography":"custom","typography_font_weight":"600","m_vertical":"","_background_image":{"url":"","id":"","0":"","1":""},"_background_video_fallback":{"url":"","id":"","0":"","1":""}},"elements":[],"widgetType":"pos_menu"},{"id":"yuqnvym","elType":"widget","settings":{"search_type":"topbar","button_text":"Search","placeholder":"Search...","toggle_color":"#253237","toggle_color_hover":"#4fb68d","width_size":{"unit":"px","size":""},"height_size":{"unit":"px","size":46},"border_input_border":"solid","border_input_width":{"0":"","unit":"px","top":"2","right":"0","bottom":"2","left":"2","isLinked":false},"border_input_color":"#4fb68d","button_text_color":"#ffffff","button_background_color":"#4fb68d","input_border_width":{"0":"","unit":"px","top":"2","right":"2","bottom":"2","left":"2","isLinked":true},"border_radius":{"0":"","unit":"px","top":"30","right":"0","bottom":"0","left":"30","isLinked":false},"border_button_color":"#ebebeb","icon_size":{"unit":"px","size":"24"},"button_background_color_hover":"#253237","button_border_radius":{"0":"","unit":"px","top":"0","right":"30","bottom":"30","left":"0","isLinked":false},"button_width":{"unit":"px","size":62},"_background_image":{"url":"","id":"","0":"","1":""},"_background_video_fallback":{"url":"","id":"","0":"","1":""}},"elements":[],"widgetType":"posSearch"}],"isInner":false},{"id":"ozknwlx","elType":"column","settings":{"_inline_size":null,"_column_size":33,"screen_sm":"custom","screen_sm_width":"33","background_image":{"url":"","id":"","0":"","1":""},"background_video_fallback":{"url":"","id":"","0":"","1":""},"background_overlay_image":{"url":"","id":"","0":"","1":""},"background_overlay_video_fallback":{"url":"","id":"","0":"","1":""}},"elements":[{"id":"ixwmgkr","elType":"widget","settings":{"text_align":"center","_background_image":{"url":"","id":"","0":"","1":""},"_background_video_fallback":{"url":"","id":"","0":"","1":""}},"elements":[],"widgetType":"posLogo"}],"isInner":false},{"id":"jpvbmwo","elType":"column","settings":{"_inline_size":null,"_column_size":33,"align_position":"flex-end","screen_sm":"custom","screen_sm_width":"33","background_image":{"url":"","id":"","0":"","1":""},"background_video_fallback":{"url":"","id":"","0":"","1":""},"background_overlay_image":{"url":"","id":"","0":"","1":""},"background_overlay_video_fallback":{"url":"","id":"","0":"","1":""}},"elements":[{"id":"sxdjjur","elType":"widget","settings":{"icon_size":{"unit":"px","size":33},"button_text_color":"#253237","hover_color":"#4fb68d","_margin":{"0":"","unit":"px","top":"0","right":"15","bottom":"0","left":"0","isLinked":false},"account_links":[{"link_to":"my-account","link":{"is_external":"","url":""},"text":"My account","_id":"98z2c2p"},{"link_to":"history","link":{"is_external":"","url":""},"text":"","_id":"922xtix"},{"link_to":"logout","link":{"is_external":"","url":""},"text":"","_id":"khx1o0j"}],"account_icon":"icon-rt-person-circle-outline","dropdown_position":"right","_background_image":{"url":"","id":"","0":"","1":""},"_background_video_fallback":{"url":"","id":"","0":"","1":""}},"elements":[],"widgetType":"posAccount"},{"id":"mnbzuhd","elType":"widget","settings":{"cart_icon":"icon-rt-bag2","text_typo_typography":"custom","text_typo_font_size":{"0":"","unit":"px","size":"16"},"text_typo_font_weight":"700","button_text_color":"#253237","hover_color":"#4fb68d","count_top":{"0":"","unit":"px","size":"12"},"count_right":{"0":"","unit":"px","size":"16"},"count_font_size":{"0":"","unit":"px","size":"12"},"count_background_color":"#4fb68d","_background_image":{"url":"","id":"","0":"","1":""},"_background_video_fallback":{"url":"","id":"","0":"","1":""}},"elements":[],"widgetType":"posCart"}],"isInner":false}],"isInner":false}]}